<gallery
base = ""
background = "#FFFFFF"
banner = "#F0F0F0"
text = "#000000"
link = "#0000FF"
alink = "#FF0000"
vlink = "#800080"
date = "4/11/2006">
	<sitename>Praxis Ladar</sitename>
	<photographer></photographer>
	<contactinfo></contactinfo>
	<email></email>
	<security><![CDATA[]]> </security>

<banner font = "Arial" fontsize = "3" color =  "#F0F0F0"> </banner>
<thumbnail base ="resources/images/gallery/thumbnails/" font = "Arial" fontsize = "4" color = "#F0F0F0" border = "0" rows = "3" col = "5"> </thumbnail> 
<large base ="resources/images/gallery/images/" font = "Arial" fontsize = "3" color = "#F0F0F0" border = "0"> </large>
<photos id = "images">

<photo
 path = "CF149380_W_Architekten_Buero_399.jpg"
 width = "400"
 height = "259"
 thumbpath = "CF149380_W_Architekten_Buero_399.jpg"
 thumbwidth = "90"
 thumbheight = "90"
  >
</photo>

<photo
 path = "CF036748_W_Architekten_Buero_400.jpg"
 width = "400"
 height = "237"
 thumbpath = "CF036748_W_Architekten_Buero_400.jpg"
 thumbwidth = "90"
 thumbheight = "90"
  >
</photo>

<photo
 path = "CF149386_W_Architekten_Buero_402.jpg"
 width = "400"
 height = "292"
 thumbpath = "CF149386_W_Architekten_Buero_402.jpg"
 thumbwidth = "90"
 thumbheight = "90"
  >
</photo>

<photo
 path = "DSC03780.jpg"
 width = "400"
 height = "267"
 thumbpath = "DSC03780.jpg"
 thumbwidth = "90"
 thumbheight = "90"
  >
</photo>

<photo
 path = "DSC03815.jpg"
 width = "400"
 height = "267"
 thumbpath = "DSC03815.jpg"
 thumbwidth = "90"
 thumbheight = "90"
  >
</photo>

<photo
 path = "DSC03827.jpg"
 width = "400"
 height = "267"
 thumbpath = "DSC03827.jpg"
 thumbwidth = "90"
 thumbheight = "90"
  >
</photo>

<photo
 path = "DSC03910.jpg"
 width = "400"
 height = "267"
 thumbpath = "DSC03910.jpg"
 thumbwidth = "90"
 thumbheight = "90"
  >
</photo>

<photo
 path = "DSC03916.jpg"
 width = "400"
 height = "267"
 thumbpath = "DSC03916.jpg"
 thumbwidth = "90"
 thumbheight = "90"
  >
</photo>

<photo
 path = "DSC03925.jpg"
 width = "400"
 height = "267"
 thumbpath = "DSC03925.jpg"
 thumbwidth = "90"
 thumbheight = "90"
  >
</photo>


<photo
 path = "DSC03947.jpg"
 width = "400"
 height = "267"
 thumbpath = "DSC03947.jpg"
 thumbwidth = "90"
 thumbheight = "90"
  >
</photo>

</photos>
</gallery>
