<gallery
base = ""
background = "#FFFFFF"
banner = "#F0F0F0"
text = "#000000"
link = "#0000FF"
alink = "#FF0000"
vlink = "#800080"
date = "4/11/2006">
	<sitename>Praxis Ladar</sitename>
	<photographer></photographer>
	<contactinfo></contactinfo>
	<email></email>
	<security><![CDATA[]]> </security>

<banner font = "Arial" fontsize = "3" color =  "#F0F0F0"> </banner>
<thumbnail base ="resources/images/gallery/thumbnails/" font = "Arial" fontsize = "4" color = "#F0F0F0" border = "0" rows = "3" col = "5"> </thumbnail> 
<large base ="resources/images/gallery/images/" font = "Arial" fontsize = "3" color = "#F0F0F0" border = "0"> </large>
<photos id = "images">

<photo
 path = "414W0348.jpg"
 width = "400"
 height = "266"
 thumbpath = "414W0348.jpg"
 thumbwidth = "90"
 thumbheight = "60"
  >
</photo>

<photo
 path = "414W0371.jpg"
 width = "400"
 height = "266"
 thumbpath = "414W0371.jpg"
 thumbwidth = "90"
 thumbheight = "60"
  >
</photo>

<photo
 path = "414W0399.jpg"
 width = "400"
 height = "500"
 thumbpath = "414W0399.jpg"
 thumbwidth = "60"
 thumbheight = "90"
  >
</photo>

<photo
 path = "414W0406.jpg"
 width = "400"
 height = "500"
 thumbpath = "414W0406.jpg"
 thumbwidth = "60"
 thumbheight = "90"
  >
</photo>

<photo
 path = "414W0609.jpg"
 width = "400"
 height = "266"
 thumbpath = "414W0609.jpg"
 thumbwidth = "90"
 thumbheight = "60"
  >
</photo>

<photo
 path = "414W0642.jpg"
 width = "400"
 height = "266"
 thumbpath = "414W0642.jpg"
 thumbwidth = "90"
 thumbheight = "60"
  >
</photo>

<photo
 path = "414W0664.jpg"
 width = "400"
 height = "601"
 thumbpath = "414W0664.jpg"
 thumbwidth = "60"
 thumbheight = "90"
  >
</photo>

<photo
 path = "414W0665.jpg"
 width = "400"
 height = "601"
 thumbpath = "414W0665.jpg"
 thumbwidth = "60"
 thumbheight = "90"
  >
</photo>

<photo
 path = "414W0678.jpg"
 width = "400"
 height = "601"
 thumbpath = "414W0678.jpg"
 thumbwidth = "60"
 thumbheight = "90"
  >
</photo>


<photo
 path = "414W0687.jpg"
 width = "400"
 height = "266"
 thumbpath = "414W0687.jpg"
 thumbwidth = "90"
 thumbheight = "60"
  >
</photo>

<photo
 path = "DSC00001.jpg"
 width = "400"
 height = "300"
 thumbpath = "DSC00001.jpg"
 thumbwidth = "90"
 thumbheight = "68"
  >
</photo>

<photo
 path = "DSC00002.jpg"
 width = "400"
 height = "393"
 thumbpath = "DSC00002.jpg"
 thumbwidth = "90"
 thumbheight = "88"
  >
</photo>

<photo
 path = "414W0595.jpg"
 width = "400"
 height = "266"
 thumbpath = "414W0595.jpg"
 thumbwidth = "90"
 thumbheight = "60"
  >
</photo>

<photo
 path = "DSC01500.jpg"
 width = "400"
 height = "300"
 thumbpath = "DSC01500.jpg"
 thumbwidth = "90"
 thumbheight = "68"
  >
</photo>

</photos>
</gallery>
